date;time;group;subject;session;build;memory1_2_response;memory1_latency;memory2_2_response;memory2_latency
27/08/20;18:12:50;784586972;6;1;6.2.2;8 times followed by the UNPLEASANT sound, twice not followed by any sound;8558;Always followed by the PLEASANT sound;4280
27/08/20;11:13:19;472786790;7;1;6.2.2;8 times followed by the UNPLEASANT sound, twice not followed by any sound;4061;Always followed by the PLEASANT sound;3115
27/08/20;12:22:52;211805289;12;1;6.2.2;8 times followed by the FIRST sound, twice not followed by any sound;3609;Always followed by the SECOND sound;3261
27/08/20;11:35:15;487266690;15;1;6.2.2;8 times followed by the UNPLEASANT sound, twice not followed by any sound;13408;Always followed by the PLEASANT sound;12631
27/08/20;07:24:00;375052009;29;1;6.2.1;8 times followed by the UNPLEASANT sound, twice not followed by any sound;7215;Always followed by the PLEASANT sound;4317
27/08/20;13:24:27;614228688;57;1;6.2.2;8 times followed by the FIRST sound, twice not followed by any sound;11540;Always followed by the SECOND sound;1679
27/08/20;13:24:37;359456212;28;1;6.2.1;8 times followed by the FIRST sound, twice not followed by any sound;14159;Always followed by the SECOND sound;5286
27/08/20;22:25:00;362022444;35;1;6.2.2;8 times followed by the FIRST sound, twice not followed by any sound;5685;Always followed by the SECOND sound;2272
27/08/20;13:25:07;629875781;112;1;6.2.2;8 times followed by the UNPLEASANT sound, twice not followed by any sound;6785;Always followed by the PLEASANT sound;2174
27/08/20;13:25:14;597421747;58;1;6.2.2;8 times followed by the FIRST sound, twice not followed by any sound;5164;Always followed by the SECOND sound;3125
27/08/20;13:25:27;324252093;89;1;6.2.2;Once followed by the FIRST sound, 9 times not followed by any sound;3243;Twice followed by the SECOND sound, 8 times not followed by any sound;3067
27/08/20;13:25:21;657513078;61;1;6.2.2;8 times followed by the UNPLEASANT sound, twice not followed by any sound;7745;Always followed by the PLEASANT sound;3803
27/08/20;13:25:49;529699244;74;1;6.2.2;8 times followed by the FIRST sound, twice not followed by any sound;4541;Always followed by the SECOND sound;2783
27/08/20;13:25:51;190657863;105;1;6.2.2;8 times followed by the FIRST sound, twice not followed by any sound;4516;Always followed by the SECOND sound;3805
27/08/20;13:25:53;560032387;23;1;6.2.2;8 times followed by the UNPLEASANT sound, twice not followed by any sound;15102;Always followed by the PLEASANT sound;5416
27/08/20;13:26:11;505053106;21;1;6.2.2;8 times followed by the UNPLEASANT sound, twice not followed by any sound;7372;Always followed by the PLEASANT sound;4062
27/08/20;13:26:11;558523116;22;1;6.2.2;8 times followed by the UNPLEASANT sound, twice not followed by any sound;5847;Always followed by the PLEASANT sound;3728
27/08/20;13:26:17;65307139;110;1;6.2.2;8 times followed by the UNPLEASANT sound, twice not followed by any sound;7065;Always followed by the PLEASANT sound;2666
27/08/20;13:30:28;953884516;101;1;6.2.2;8 times followed by the UNPLEASANT sound, twice not followed by any sound;9228;Always followed by the PLEASANT sound;3113
27/08/20;13:26:13;908221538;48;1;6.2.2;8 times followed by the UNPLEASANT sound, twice not followed by any sound;5639;Always followed by the PLEASANT sound;3691
27/08/20;13:26:44;251959115;59;1;6.2.2;8 times followed by the FIRST sound, twice not followed by any sound;3973;Always followed by the SECOND sound;2207
27/08/20;13:27:02;509660453;54;1;6.2.2;8 times followed by the UNPLEASANT sound, twice not followed by any sound;4377;Always followed by the PLEASANT sound;6330
27/08/20;13:27:44;378274368;19;1;6.2.2;8 times followed by the FIRST sound, twice not followed by any sound;10734;Always followed by the SECOND sound;3327
27/08/20;13:28:07;200903139;30;1;6.2.2;8 times followed by the UNPLEASANT sound, twice not followed by any sound;7053;Always followed by the PLEASANT sound;2148
27/08/20;13:28:13;747505731;93;1;6.2.2;8 times followed by the UNPLEASANT sound, twice not followed by any sound;5260;Always followed by the PLEASANT sound;3440
27/08/20;13:28:19;745349592;41;1;6.2.2;8 times followed by the FIRST sound, twice not followed by any sound;10687;Always followed by the SECOND sound;4395
27/08/20;13:28:08;252721234;50;1;6.2.2;8 times followed by the FIRST sound, twice not followed by any sound;11162;Always followed by the SECOND sound;7165
27/08/20;13:28:29;966446379;80;1;6.2.2;8 times followed by the UNPLEASANT sound, twice not followed by any sound;14640;Always followed by the PLEASANT sound;4376
27/08/20;13:28:34;724871957;39;1;6.2.2;8 times followed by the UNPLEASANT sound, twice not followed by any sound;7366;Always followed by the PLEASANT sound;2660
27/08/20;13:28:57;563486645;138;1;6.2.2;8 times followed by the FIRST sound, twice not followed by any sound;5681;Always followed by the SECOND sound;3150
27/08/20;13:28:48;57631626;47;1;6.2.2;8 times followed by the UNPLEASANT sound, twice not followed by any sound;10824;Always followed by the PLEASANT sound;2890
27/08/20;13:28:58;451994888;71;1;6.2.2;8 times followed by the UNPLEASANT sound, twice not followed by any sound;8456;Always followed by the PLEASANT sound;4188
27/08/20;13:29:05;311196894;145;1;6.2.2;8 times followed by the FIRST sound, twice not followed by any sound;7994;Always followed by the SECOND sound;4694
27/08/20;13:29:21;278418225;64;1;6.2.2;8 times followed by the UNPLEASANT sound, twice not followed by any sound;5999;Always followed by the PLEASANT sound;4281
27/08/20;08:29:03;128628700;98;1;6.2.2;8 times followed by the FIRST sound, twice not followed by any sound;11751;Always followed by the SECOND sound;4562
27/08/20;13:29:06;495890687;55;1;6.2.2;8 times followed by the UNPLEASANT sound, twice not followed by any sound;16242;Always followed by the PLEASANT sound;9666
27/08/20;13:29:32;448086962;129;1;6.2.2;8 times followed by the FIRST sound, twice not followed by any sound;10126;Always followed by the SECOND sound;6063
27/08/20;13:29:37;919139850;88;1;6.2.2;8 times followed by the UNPLEASANT sound, twice not followed by any sound;5889;Always followed by the PLEASANT sound;3969
27/08/20;13:29:33;389118758;20;1;6.2.2;8 times followed by the FIRST sound, twice not followed by any sound;8869;Always followed by the SECOND sound;18451
27/08/20;13:30:05;148770940;96;1;6.2.2;8 times followed by the UNPLEASANT sound, twice not followed by any sound;16589;Always followed by the PLEASANT sound;4161
27/08/20;13:30:17;93475805;45;1;6.2.2;8 times followed by the UNPLEASANT sound, twice not followed by any sound;7011;Always followed by the PLEASANT sound;3849
27/08/20;13:32:41;84786971;69;1;6.2.2;8 times followed by the UNPLEASANT sound, twice not followed by any sound;6202;Always followed by the PLEASANT sound;3373
27/08/20;13:33:06;783858659;90;1;6.2.2;8 times followed by the FIRST sound, twice not followed by any sound;8768;Always followed by the SECOND sound;3023
27/08/20;13:33:10;719213295;139;1;6.2.2;8 times followed by the FIRST sound, twice not followed by any sound;11864;Always followed by the SECOND sound;3223
27/08/20;13:34:06;85603401;214;1;6.2.2;8 times followed by the UNPLEASANT sound, twice not followed by any sound;6589;Always followed by the PLEASANT sound;3373
27/08/20;13:34:28;287994933;169;1;6.2.2;8 times followed by the FIRST sound, twice not followed by any sound;11901;Always followed by the SECOND sound;8533
27/08/20;13:35:08;941044960;183;1;6.2.2;8 times followed by the UNPLEASANT sound, twice not followed by any sound;13019;Always followed by the PLEASANT sound;4993
27/08/20;13:33:06;202618472;154;1;6.2.2;8 times followed by the FIRST sound, twice not followed by any sound;20084;Always followed by the SECOND sound;6829
27/08/20;13:35:26;832650172;79;1;6.2.2;8 times followed by the UNPLEASANT sound, twice not followed by any sound;23857;Always followed by the PLEASANT sound;4462
27/08/20;13:36:20;687673320;233;1;6.2.2;8 times followed by the FIRST sound, twice not followed by any sound;9389;8 times followed by the SECOND sound, twice not followed by any sound;3065
27/08/20;13:36:13;208908319;181;1;6.2.2;8 times followed by the UNPLEASANT sound, twice not followed by any sound;6886;Always followed by the PLEASANT sound;10492
27/08/20;13:36:26;951889777;135;1;6.2.2;8 times followed by the UNPLEASANT sound, twice not followed by any sound;10800;Always followed by the PLEASANT sound;5646
27/08/20;13:37:01;232569883;227;1;6.2.2;8 times followed by the FIRST sound, twice not followed by any sound;6989;Always followed by the SECOND sound;4310
27/08/20;13:37:39;877683135;234;1;6.2.2;8 times followed by the FIRST sound, twice not followed by any sound;8408;Always followed by the SECOND sound;3342
27/08/20;13:38:35;33117268;249;1;6.2.2;8 times followed by the FIRST sound, twice not followed by any sound;4455;Always followed by the SECOND sound;2470
27/08/20;13:38:42;33862984;208;1;6.2.2;8 times followed by the UNPLEASANT sound, twice not followed by any sound;10284;Always followed by the PLEASANT sound;4452
27/08/20;13:38:45;461727716;221;1;6.2.2;8 times followed by the UNPLEASANT sound, twice not followed by any sound;14119;Always followed by the PLEASANT sound;4234
27/08/20;13:39:49;527910478;73;1;6.2.2;8 times followed by the FIRST sound, twice not followed by any sound;17065;Always followed by the SECOND sound;4700
27/08/20;14:39:19;169883611;119;1;6.2.2;8 times followed by the UNPLEASANT sound, twice not followed by any sound;35785;Always followed by the PLEASANT sound;5250
27/08/20;13:40:39;70386654;250;1;6.2.2;8 times followed by the FIRST sound, twice not followed by any sound;8600;Always followed by the SECOND sound;3350
27/08/20;13:40:37;651460236;235;1;6.2.2;8 times followed by the FIRST sound, twice not followed by any sound;15231;Always followed by the SECOND sound;4055
27/08/20;13:41:07;4725834;229;1;6.2.2;8 times followed by the UNPLEASANT sound, twice not followed by any sound;4420;Always followed by the PLEASANT sound;3213
27/08/20;13:42:11;843319141;263;1;6.2.2;8 times followed by the UNPLEASANT sound, twice not followed by any sound;10178;Always followed by the PLEASANT sound;4935
27/08/20;13:42:26;745973241;261;1;6.2.2;8 times followed by the UNPLEASANT sound, twice not followed by any sound;9002;Always followed by the PLEASANT sound;2199
27/08/20;13:42:33;407411646;267;1;6.2.2;8 times followed by the FIRST sound, twice not followed by any sound;6565;Always followed by the SECOND sound;3509
27/08/20;13:43:34;757780723;242;1;6.2.2;8 times followed by the FIRST sound, twice not followed by any sound;4925;Always followed by the SECOND sound;3933
27/08/20;13:43:56;538714451;202;1;6.2.2;I don't remember;9261;8 times followed by the SECOND sound, twice not followed by any sound;8610
27/08/20;13:44:10;969063327;290;1;6.2.2;8 times followed by the FIRST sound, twice not followed by any sound;7845;Always followed by the SECOND sound;3896
27/08/20;08:44:17;605801167;271;1;6.2.2;8 times followed by the UNPLEASANT sound, twice not followed by any sound;8102;Always followed by the PLEASANT sound;5111
27/08/20;13:44:45;335985075;356;1;6.2.2;Always followed by the FIRST sound;12141;Never followed by the SECOND sound;4123
27/08/20;13:44:46;938248572;269;1;6.2.2;8 times followed by the UNPLEASANT sound, twice not followed by any sound;7930;Always followed by the PLEASANT sound;4690
27/08/20;13:45:37;652890542;302;1;6.2.2;8 times followed by the UNPLEASANT sound, twice not followed by any sound;6346;Always followed by the PLEASANT sound;3234
27/08/20;13:45:32;381604416;274;1;6.2.2;8 times followed by the FIRST sound, twice not followed by any sound;10229;Always followed by the SECOND sound;5151
27/08/20;13:46:38;153311615;286;1;6.2.2;8 times followed by the UNPLEASANT sound, twice not followed by any sound;6036;Always followed by the PLEASANT sound;2656
27/08/20;13:46:32;179558386;319;1;6.2.2;8 times followed by the UNPLEASANT sound, twice not followed by any sound;17433;Always followed by the PLEASANT sound;4524
27/08/20;13:47:19;44530356;278;1;6.2.2;8 times followed by the UNPLEASANT sound, twice not followed by any sound;9524;Always followed by the PLEASANT sound;5341
27/08/20;08:48:20;74871146;345;1;6.2.2;8 times followed by the FIRST sound, twice not followed by any sound;4466;Always followed by the SECOND sound;2104
27/08/20;13:48:33;569242076;330;1;6.2.2;6 times followed by the FIRST sound, 4 times not followed by any sound;2085;5 times followed by the SECOND sound, 5 times not followed by any sound;1457
27/08/20;13:49:22;777186444;292;1;6.2.2;8 times followed by the FIRST sound, twice not followed by any sound;8621;Always followed by the SECOND sound;7482
27/08/20;08:48:41;922833301;317;1;6.2.2;8 times followed by the UNPLEASANT sound, twice not followed by any sound;5289;Always followed by the PLEASANT sound;4711
27/08/20;13:48:33;213774253;294;1;6.2.2;8 times followed by the UNPLEASANT sound, twice not followed by any sound;8144;Always followed by the PLEASANT sound;3958
27/08/20;13:48:46;127424972;341;1;6.2.2;7 times followed by the UNPLEASANT sound, 3 times not followed by any sound;12344;Always followed by the PLEASANT sound;5295
27/08/20;13:48:56;615888636;336;1;6.2.2;8 times followed by the UNPLEASANT sound, twice not followed by any sound;9124;Always followed by the PLEASANT sound;4762
27/08/20;13:49:35;873075994;262;1;6.2.2;8 times followed by the UNPLEASANT sound, twice not followed by any sound;9348;Always followed by the PLEASANT sound;5042
27/08/20;13:49:41;261755107;300;1;6.2.2;8 times followed by the FIRST sound, twice not followed by any sound;7005;Always followed by the SECOND sound;3990
27/08/20;13:50:00;856256181;304;1;6.2.2;8 times followed by the UNPLEASANT sound, twice not followed by any sound;15107;Always followed by the PLEASANT sound;3943
27/08/20;13:50:24;928174452;364;1;6.2.2;8 times followed by the FIRST sound, twice not followed by any sound;6275;Always followed by the SECOND sound;2495
27/08/20;08:50:36;607543236;299;1;6.2.2;8 times followed by the FIRST sound, twice not followed by any sound;16190;Always followed by the SECOND sound;4460
27/08/20;13:50:34;551323760;298;1;6.2.2;8 times followed by the FIRST sound, twice not followed by any sound;6373;Always followed by the SECOND sound;5368
27/08/20;13:51:48;817106032;383;1;6.2.2;8 times followed by the UNPLEASANT sound, twice not followed by any sound;5690;Always followed by the PLEASANT sound;2689
27/08/20;13:51:56;655269571;338;1;6.2.2;8 times followed by the FIRST sound, twice not followed by any sound;8266;Always followed by the SECOND sound;5750
27/08/20;13:51:48;68872153;340;1;6.2.2;8 times followed by the FIRST sound, twice not followed by any sound;7634;Always followed by the SECOND sound;10124
27/08/20;13:51:45;655128468;320;1;6.2.2;8 times followed by the UNPLEASANT sound, twice not followed by any sound;16772;Always followed by the PLEASANT sound;4025
27/08/20;13:52:34;263652179;385;1;6.2.2;8 times followed by the FIRST sound, twice not followed by any sound;5569;Always followed by the SECOND sound;2814
27/08/20;07:52:37;110117912;380;1;6.2.2;8 times followed by the FIRST sound, twice not followed by any sound;13162;Always followed by the SECOND sound;4949
27/08/20;13:52:31;919221469;326;1;6.2.2;8 times followed by the UNPLEASANT sound, twice not followed by any sound;6757;Always followed by the PLEASANT sound;8116
27/08/20;13:53:03;824121642;389;1;6.2.2;8 times followed by the UNPLEASANT sound, twice not followed by any sound;6420;Always followed by the PLEASANT sound;2306
27/08/20;13:53:07;260528710;398;1;6.2.2;Always followed by the UNPLEASANT sound;6205;I don't remember;1794
27/08/20;13:52:51;411512101;334;1;6.2.2;8 times followed by the UNPLEASANT sound, twice not followed by any sound;6994;Always followed by the PLEASANT sound;3148
27/08/20;13:52:55;179013920;357;1;6.2.2;8 times followed by the UNPLEASANT sound, twice not followed by any sound;8581;Always followed by the PLEASANT sound;2694
27/08/20;13:53:16;1118971;430;1;6.2.2;8 times followed by the UNPLEASANT sound, twice not followed by any sound;6357;Always followed by the PLEASANT sound;3703
27/08/20;13:53:13;392038653;478;1;6.2.2;8 times followed by the UNPLEASANT sound, twice not followed by any sound;9228;Twice followed by the PLEASANT sound, 8 times not followed by any sound;4718
27/08/20;13:53:16;216046213;347;1;6.2.2;8 times followed by the FIRST sound, twice not followed by any sound;13424;Always followed by the SECOND sound;7339
27/08/20;08:53:43;996065642;449;1;6.2.2;8 times followed by the FIRST sound, twice not followed by any sound;18128;Always followed by the SECOND sound;14792
27/08/20;13:54:08;721036902;425;1;6.2.2;8 times followed by the FIRST sound, twice not followed by any sound;6086;Always followed by the SECOND sound;6962
27/08/20;13:54:01;598348940;351;1;6.2.2;8 times followed by the UNPLEASANT sound, twice not followed by any sound;8997;Always followed by the PLEASANT sound;7411
27/08/20;13:54:15;338197049;388;1;6.2.2;8 times followed by the FIRST sound, twice not followed by any sound;9754;Always followed by the SECOND sound;3736
27/08/20;13:54:02;514612430;327;1;6.2.2;Never followed by the UNPLEASANT sound;19381;8 times followed by the PLEASANT sound, twice not followed by any sound;20601
27/08/20;13:54:50;984505366;406;1;6.2.2;8 times followed by the UNPLEASANT sound, twice not followed by any sound;4087;Always followed by the PLEASANT sound;3375
27/08/20;13:54:44;706540886;348;1;6.2.1;8 times followed by the FIRST sound, twice not followed by any sound;13221;Always followed by the SECOND sound;6118
27/08/20;13:54:34;439998731;291;1;6.2.2;8 times followed by the FIRST sound, twice not followed by any sound;22722;8 times followed by the SECOND sound, twice not followed by any sound;13940
27/08/20;13:56:02;451343701;324;1;6.2.2;8 times followed by the FIRST sound, twice not followed by any sound;12214;Always followed by the SECOND sound;7700
27/08/20;13:56:18;39553733;314;1;6.2.2;9 times followed by the FIRST sound, once not followed by any sound;10666;Always followed by the SECOND sound;3206
27/08/20;13:56:09;499881957;373;1;6.2.2;8 times followed by the UNPLEASANT sound, twice not followed by any sound;9341;Always followed by the PLEASANT sound;5751
27/08/20;13:56:50;357437220;476;1;6.2.2;8 times followed by the FIRST sound, twice not followed by any sound;7282;Twice followed by the SECOND sound, 8 times not followed by any sound;4917
27/08/20;13:56:56;154489786;556;1;6.2.2;8 times followed by the FIRST sound, twice not followed by any sound;4928;Always followed by the SECOND sound;3218
27/08/20;13:57:05;841132722;474;1;6.2.2;8 times followed by the FIRST sound, twice not followed by any sound;5134;Always followed by the SECOND sound;3872
27/08/20;13:57:15;106599276;530;1;6.2.2;8 times followed by the FIRST sound, twice not followed by any sound;6281;Always followed by the SECOND sound;4485
27/08/20;13:57:12;176432813;451;1;6.2.2;8 times followed by the FIRST sound, twice not followed by any sound;7533;Always followed by the SECOND sound;4501
27/08/20;13:56:50;379726995;534;1;6.2.1;8 times followed by the UNPLEASANT sound, twice not followed by any sound;8839;Always followed by the PLEASANT sound;3660
27/08/20;13:57:39;796686540;563;1;6.2.2;8 times followed by the FIRST sound, twice not followed by any sound;5573;Always followed by the SECOND sound;2675
27/08/20;13:57:39;852041037;549;1;6.2.1;8 times followed by the UNPLEASANT sound, twice not followed by any sound;5689;Always followed by the PLEASANT sound;4794
27/08/20;08:57:30;181742700;467;1;6.2.2;8 times followed by the FIRST sound, twice not followed by any sound;8158;Always followed by the SECOND sound;4652
27/08/20;08:57:09;753836417;376;1;6.2.2;8 times followed by the UNPLEASANT sound, twice not followed by any sound;14498;Always followed by the PLEASANT sound;6215
27/08/20;13:57:41;437641487;479;1;6.2.2;8 times followed by the UNPLEASANT sound, twice not followed by any sound;18644;Always followed by the PLEASANT sound;2421
27/08/20;13:57:24;554356210;453;1;6.2.2;8 times followed by the UNPLEASANT sound, twice not followed by any sound;23386;Always followed by the PLEASANT sound;4892
27/08/20;13:58:06;193366208;494;1;6.2.2;8 times followed by the UNPLEASANT sound, twice not followed by any sound;8344;Always followed by the PLEASANT sound;3604
27/08/20;13:58:02;762298600;517;1;6.2.2;8 times followed by the UNPLEASANT sound, twice not followed by any sound;8903;Always followed by the PLEASANT sound;3878
27/08/20;13:58:14;336545428;470;1;6.2.2;8 times followed by the UNPLEASANT sound, twice not followed by any sound;8429;Always followed by the PLEASANT sound;3604
27/08/20;13:58:37;543005878;550;1;6.2.2;8 times followed by the UNPLEASANT sound, twice not followed by any sound;5977;Always followed by the PLEASANT sound;3043
27/08/20;13:58:49;276258100;538;1;6.2.2;8 times followed by the FIRST sound, twice not followed by any sound;7225;Always followed by the SECOND sound;4142
27/08/20;13:59:11;503575233;481;1;6.2.2;8 times followed by the FIRST sound, twice not followed by any sound;7043;Always followed by the SECOND sound;4899
27/08/20;13:59:15;422231987;333;1;6.2.2;8 times followed by the UNPLEASANT sound, twice not followed by any sound;8353;Always followed by the PLEASANT sound;4701
27/08/20;13:59:34;394817869;529;1;6.2.2;8 times followed by the FIRST sound, twice not followed by any sound;6964;Always followed by the SECOND sound;3813
27/08/20;13:59:46;319298417;558;1;6.2.2;8 times followed by the UNPLEASANT sound, twice not followed by any sound;8111;Always followed by the PLEASANT sound;3230
27/08/20;13:59:39;185525714;524;1;6.2.2;8 times followed by the FIRST sound, twice not followed by any sound;10059;Always followed by the SECOND sound;4828
27/08/20;13:59:58;838490384;442;1;6.2.2;8 times followed by the FIRST sound, twice not followed by any sound;6488;Always followed by the SECOND sound;4278
27/08/20;13:59:49;623414276;521;1;6.2.2;8 times followed by the FIRST sound, twice not followed by any sound;8713;Always followed by the SECOND sound;2809
27/08/20;14:00:38;210054580;610;1;6.2.2;8 times followed by the FIRST sound, twice not followed by any sound;4790;Always followed by the SECOND sound;2485
27/08/20;13:59:57;147365571;609;1;6.2.2;8 times followed by the FIRST sound, twice not followed by any sound;5467;Always followed by the SECOND sound;3424
27/08/20;14:00:37;930991084;592;1;6.2.2;8 times followed by the UNPLEASANT sound, twice not followed by any sound;9009;Always followed by the PLEASANT sound;6522
27/08/20;14:00:01;415337249;531;1;6.2.2;Never followed by the FIRST sound;27647;Never followed by the SECOND sound;18994
27/08/20;14:01:24;203553829;581;1;6.2.2;8 times followed by the UNPLEASANT sound, twice not followed by any sound;6677;Always followed by the PLEASANT sound;1693
27/08/20;14:00:58;630135032;297;1;6.2.2;8 times followed by the FIRST sound, twice not followed by any sound;9755;Always followed by the SECOND sound;6196
27/08/20;14:01:22;954952774;548;1;6.2.2;8 times followed by the FIRST sound, twice not followed by any sound;12977;Always followed by the SECOND sound;6312
27/08/20;14:03:10;757104664;578;1;6.2.2;8 times followed by the FIRST sound, twice not followed by any sound;11452;Always followed by the SECOND sound;3512
27/08/20;14:01:41;83750545;359;1;6.2.2;8 times followed by the UNPLEASANT sound, twice not followed by any sound;15659;Never followed by the PLEASANT sound;5726
27/08/20;14:02:35;458082832;617;1;6.2.2;8 times followed by the FIRST sound, twice not followed by any sound;9061;Always followed by the SECOND sound;4958
27/08/20;14:01:50;794458153;433;1;6.2.2;Never followed by the FIRST sound;41100;Never followed by the SECOND sound;35138
27/08/20;14:02:50;275253494;579;1;6.2.2;8 times followed by the FIRST sound, twice not followed by any sound;14053;Always followed by the SECOND sound;6061
27/08/20;14:02:05;80969645;426;1;6.2.2;8 times followed by the FIRST sound, twice not followed by any sound;26076;Always followed by the SECOND sound;4974
27/08/20;14:03:20;293646888;583;1;6.2.2;8 times followed by the UNPLEASANT sound, twice not followed by any sound;6920;Always followed by the PLEASANT sound;2415
27/08/20;14:03:44;416147257;587;1;6.2.2;Always followed by the FIRST sound;8032;8 times followed by the SECOND sound, twice not followed by any sound;8713
27/08/20;14:03:42;527024488;557;1;6.2.2;8 times followed by the UNPLEASANT sound, twice not followed by any sound;16009;Always followed by the PLEASANT sound;4951
27/08/20;09:04:31;447367576;654;1;6.2.2;8 times followed by the UNPLEASANT sound, twice not followed by any sound;8440;Always followed by the PLEASANT sound;2443
27/08/20;14:05:02;219976690;644;1;6.2.2;8 times followed by the FIRST sound, twice not followed by any sound;13494;Always followed by the SECOND sound;4249
27/08/20;14:05:51;668972400;513;1;6.2.2;I don't remember;13853;Always followed by the SECOND sound;4146
27/08/20;14:05:28;107618692;641;1;6.2.2;I don't remember;8716;I don't remember;7454
27/08/20;14:07:00;611382704;640;1;6.2.2;8 times followed by the UNPLEASANT sound, twice not followed by any sound;5521;Always followed by the PLEASANT sound;4038
27/08/20;14:07:26;197192135;680;1;6.2.2;8 times followed by the UNPLEASANT sound, twice not followed by any sound;8399;Always followed by the PLEASANT sound;3046
27/08/20;14:08:08;973530159;591;1;6.2.2;8 times followed by the UNPLEASANT sound, twice not followed by any sound;23842;Always followed by the PLEASANT sound;7178
27/08/20;14:08:58;607845591;701;1;6.2.1;8 times followed by the UNPLEASANT sound, twice not followed by any sound;7392;Always followed by the PLEASANT sound;2221
27/08/20;14:10:18;562735566;693;1;6.2.2;8 times followed by the UNPLEASANT sound, twice not followed by any sound;6632;Always followed by the PLEASANT sound;1924
27/08/20;14:11:02;610024073;637;1;6.2.2;8 times followed by the UNPLEASANT sound, twice not followed by any sound;12215;Always followed by the PLEASANT sound;3555
27/08/20;14:11:48;663371458;659;1;6.2.2;8 times followed by the FIRST sound, twice not followed by any sound;10743;Always followed by the SECOND sound;3278
27/08/20;08:09:01;551589010;675;1;6.2.2;8 times followed by the FIRST sound, twice not followed by any sound;12190;Always followed by the SECOND sound;8028
27/08/20;14:12:47;86596999;711;1;6.2.2;8 times followed by the UNPLEASANT sound, twice not followed by any sound;7341;Always followed by the PLEASANT sound;3669
27/08/20;14:12:42;159359979;625;1;6.2.1;8 times followed by the FIRST sound, twice not followed by any sound;8255;Always followed by the SECOND sound;2340
27/08/20;14:13:18;893553771;417;1;6.2.2;8 times followed by the FIRST sound, twice not followed by any sound;8361;Always followed by the SECOND sound;5689
27/08/20;14:13:05;671306707;593;1;6.2.2;8 times followed by the FIRST sound, twice not followed by any sound;10210;Always followed by the SECOND sound;6507
27/08/20;14:14:17;121241534;707;1;6.2.2;8 times followed by the FIRST sound, twice not followed by any sound;9652;Always followed by the SECOND sound;3179
27/08/20;14:14:18;573314140;632;1;6.2.2;8 times followed by the UNPLEASANT sound, twice not followed by any sound;15713;Always followed by the PLEASANT sound;6715
27/08/20;14:16:36;185619185;490;1;6.2.2;8 times followed by the FIRST sound, twice not followed by any sound;12798;Always followed by the SECOND sound;8881
27/08/20;14:17:32;383640331;704;1;6.2.2;8 times followed by the UNPLEASANT sound, twice not followed by any sound;14767;Always followed by the PLEASANT sound;5230
27/08/20;09:19:22;617751688;525;1;6.2.1;8 times followed by the UNPLEASANT sound, twice not followed by any sound;5844;Always followed by the PLEASANT sound;3404
27/08/20;14:19:59;472245598;713;1;6.2.2;8 times followed by the FIRST sound, twice not followed by any sound;12750;Always followed by the SECOND sound;3735
27/08/20;14:19:51;109503022;379;1;6.2.2;8 times followed by the FIRST sound, twice not followed by any sound;10212;Twice followed by the SECOND sound, 8 times not followed by any sound;5715
27/08/20;14:30:14;718705717;726;1;6.2.2;8 times followed by the UNPLEASANT sound, twice not followed by any sound;4982;Always followed by the PLEASANT sound;2768
27/08/20;14:31:35;333960643;736;1;6.2.2;8 times followed by the UNPLEASANT sound, twice not followed by any sound;5580;Always followed by the PLEASANT sound;3369
27/08/20;09:34:14;50811729;739;1;6.2.2;8 times followed by the FIRST sound, twice not followed by any sound;14490;Always followed by the SECOND sound;3960
28/08/20;01:35:17;499649991;737;1;6.2.2;8 times followed by the FIRST sound, twice not followed by any sound;9052;Always followed by the SECOND sound;3564
27/08/20;14:35:48;573023362;743;1;6.2.2;8 times followed by the UNPLEASANT sound, twice not followed by any sound;10290;Always followed by the PLEASANT sound;2840
27/08/20;14:41:44;299344150;761;1;6.2.1;8 times followed by the FIRST sound, twice not followed by any sound;3997;Always followed by the SECOND sound;2761
27/08/20;14:46:36;344733172;759;1;6.2.1;8 times followed by the UNPLEASANT sound, twice not followed by any sound;5259;Always followed by the PLEASANT sound;3654
27/08/20;14:47:25;938597136;772;1;6.2.2;8 times followed by the FIRST sound, twice not followed by any sound;11065;Always followed by the SECOND sound;3241
27/08/20;09:50:31;445942980;780;1;6.2.2;8 times followed by the FIRST sound, twice not followed by any sound;7153;Always followed by the SECOND sound;1877
27/08/20;14:51:25;588162660;769;1;6.2.2;8 times followed by the FIRST sound, twice not followed by any sound;10847;Always followed by the SECOND sound;5021
27/08/20;14:54:57;31690336;774;1;6.2.2;8 times followed by the UNPLEASANT sound, twice not followed by any sound;5057;Always followed by the PLEASANT sound;3224
27/08/20;14:55:04;631889793;778;1;6.2.2;8 times followed by the FIRST sound, twice not followed by any sound;11434;Always followed by the SECOND sound;13995
27/08/20;14:55:44;28029912;773;1;6.2.2;8 times followed by the UNPLEASANT sound, twice not followed by any sound;16466;Always followed by the PLEASANT sound;5328
27/08/20;14:57:15;587040232;777;1;6.2.2;8 times followed by the FIRST sound, twice not followed by any sound;8577;Always followed by the SECOND sound;13395
27/08/20;14:57:58;879323552;776;1;6.2.2;8 times followed by the UNPLEASANT sound, twice not followed by any sound;11815;Always followed by the PLEASANT sound;6322
27/08/20;14:59:44;799723507;779;1;6.2.2;8 times followed by the FIRST sound, twice not followed by any sound;30008;Always followed by the SECOND sound;7638
27/08/20;15:02:57;686880266;792;1;6.2.2;8 times followed by the UNPLEASANT sound, twice not followed by any sound;6205;Always followed by the PLEASANT sound;3074
27/08/20;15:05:00;596127707;781;1;6.2.2;8 times followed by the UNPLEASANT sound, twice not followed by any sound;11698;Always followed by the PLEASANT sound;4753
27/08/20;16:07:15;410651162;816;1;6.2.2;8 times followed by the UNPLEASANT sound, twice not followed by any sound;6458;Always followed by the PLEASANT sound;2775
27/08/20;16:16:04;55584661;823;1;6.2.2;Always followed by the UNPLEASANT sound;3783;8 times followed by the PLEASANT sound, twice not followed by any sound;2127
27/08/20;16:16:14;362934038;372;1;6.2.2;Always followed by the FIRST sound;7837;Always followed by the SECOND sound;4697